price_per_cc,curbweight,horsepower,highwaympg,enginesize,citympg,carwidth,wheelbase,carlength,boreratio,car_id,stroke,carheight,fuelsystem_2bbl,fuelsystem_mpfi,price
0.12389312710370101,-0.014566282137926123,0.17448277916253407,-0.5460587369032711,0.0744489251157203,-0.6465530277621856,-0.8447823517277104,-1.6907718018201774,-0.42652146835701304,0.5190713849456007,-1.7236222864675912,-1.839377336831407,-2.0204173044647122,-0.6890719439107155,1.0866697123918505,13495.0
0.8313372437852756,-0.014566282137926123,0.17448277916253407,-0.5460587369032711,0.0744489251157203,-0.6465530277621856,-0.8447823517277104,-1.6907718018201774,-0.42652146835701304,0.5190713849456007,-1.7067240287571246,-1.839377336831407,-2.0204173044647122,-0.6890719439107155,1.0866697123918505,16500.0
0.2691115358524187,0.5148819161377617,1.2645364278639772,-0.6916270607851575,0.6040461684467903,-0.9530116883199847,-0.19056612143668694,-0.7085958764076113,-0.23151304680543727,-2.404880294774036,-1.689825771046658,0.6859461601154123,-0.5435274761218468,-0.6890719439107155,1.0866697123918505,16500.0
0.8637348128222744,-0.4207974451785447,-0.05366798451916333,-0.10935376525761202,-0.43107571624575564,-0.18686503692548712,0.1365419937088248,0.17369775150537034,0.2072559016856128,-0.5172659192588284,-1.6729275133361914,0.4621833186137945,0.23594215550355344,-0.6890719439107155,1.0866697123918505,13950.0
0.8737478850172876,0.5168071823133096,0.2758831185766218,-1.273900356312703,0.21888453693328483,-1.1062410185988842,0.23000145517897197,0.1071095531723165,0.2072559016856128,-0.5172659192588284,-1.6560292556257248,0.4621833186137945,0.23594215550355344,-0.6890719439107155,1.0866697123918505,17450.0
0.37866856288033335,-0.0935021953353923,0.14913269430901213,-0.8371953846670438,0.21888453693328483,-0.9530116883199847,0.18327172444389506,0.17369775150537034,0.26413335797149096,-0.5172659192588284,-1.6391309979152584,0.4621833186137945,-0.2563544539440664,-0.6890719439107155,1.0866697123918505,15250.0
0.9322572594516548,0.5553125058242687,0.14913269430901213,-0.8371953846670438,0.21888453693328483,-0.9530116883199847,2.566487991932618,1.1725207265011992,1.5154373962607788,-0.5172659192588284,-1.6222327402047918,0.4621833186137945,0.8102881998591143,-0.6890719439107155,1.0866697123918505,17710.0
1.2045508866269798,0.7670917851345438,0.14913269430901213,-0.8371953846670438,0.21888453693328483,-0.9530116883199847,2.566487991932618,1.1725207265011992,1.5154373962607788,-0.5172659192588284,-1.6053344824943252,0.4621833186137945,0.8102881998591143,-0.6890719439107155,1.0866697123918505,18920.0
2.5246707945929976,1.021226920306874,0.9096352399146702,-1.5650370040764756,0.09852152708531438,-1.2594703488777836,2.566487991932618,1.1725207265011992,1.5154373962607788,-0.7393381987312061,-1.5884362247838586,0.4621833186137945,0.8923376347670494,-0.6890719439107155,1.0866697123918505,23875.0
1.1192204988707213,0.9576931365137914,1.4166369369851088,-1.273900356312703,0.09852152708531438,-1.4126996791566833,0.9309474162050657,0.12375660275557937,0.3372615160533307,-0.7393381987312061,-1.571537967073392,0.4621833186137945,-0.7076263459377201,-0.6890719439107155,1.0866697123918505,17859.167
1.6027813582044819,-0.3091320069967633,-0.07901806937268527,-0.2549220891394984,-0.45514831821534973,-0.3400943672043866,-0.5176742365821987,0.40675644567106467,0.22350660348157897,0.6301075246817887,-1.5546397093629254,-1.4557838942572077,0.23594215550355344,-0.6890719439107155,1.0866697123918505,16430.0
1.7430538328099525,-0.3091320069967633,-0.07901806937268527,-0.2549220891394984,-0.45514831821534973,-0.3400943672043866,-0.5176742365821987,0.40675644567106467,0.22350660348157897,0.6301075246817887,-1.5377414516524588,-1.4557838942572077,0.23594215550355344,-0.6890719439107155,1.0866697123918505,16925.0
0.8601908348434706,0.29732683830084267,0.42798362769775344,-0.4004904130213847,0.8929173920819194,-0.6465530277621856,-0.5176742365821987,0.40675644567106467,0.22350660348157897,-0.07312136031407311,-1.5208431939419922,-0.20910520589105608,0.23594215550355344,-0.6890719439107155,1.0866697123918505,20970.0
0.8853838956927902,0.4032164779559802,0.42798362769775344,-0.4004904130213847,0.8929173920819194,-0.6465530277621856,-0.5176742365821987,0.40675644567106467,0.22350660348157897,-0.07312136031407311,-1.5039449362315256,-0.20910520589105608,0.23594215550355344,-0.6890719439107155,1.0866697123918505,21105.0
1.5310727144975713,0.9615436688648873,0.42798362769775344,-0.8371953846670438,0.8929173920819194,-0.7997823580410852,0.46365010885433655,0.7896385860861319,1.214799413035431,-0.07312136031407311,-1.487046678521059,-0.20910520589105608,0.8102881998591143,-0.6890719439107155,1.0866697123918505,24565.0
1.4512076311140032,1.2984652495857796,1.9743388037625915,-1.273900356312703,1.9761844807136535,-1.4126996791566833,0.46365010885433655,0.7896385860861319,1.214799413035431,1.074252083626544,-1.4701484208105924,0.43021719839927847,0.8102881998591143,-0.6890719439107155,1.0866697123918505,30760.0
2.996828477875975,1.587255175917973,1.9743388037625915,-1.273900356312703,1.9761844807136535,-1.4126996791566833,0.9309474162050657,0.7896385860861319,1.604816256138587,1.074252083626544,-1.453250163100126,0.43021719839927847,-0.010206149220255032,-0.6890719439107155,1.0866697123918505,41315.0
2.3473894958400354,1.8279134478614674,1.9743388037625915,-1.5650370040764756,1.9761844807136535,-1.5659290094355827,2.332839338257253,1.87169680899828,1.864827484874023,1.074252083626544,-1.4363519053896594,0.43021719839927847,1.0564365045829227,-0.6890719439107155,1.0866697123918505,36880.0
-0.4687729528079546,-2.055348428218759,-1.4225725666093478,3.238717684025774,-1.586560610786272,3.3374095594892017,-2.62051211966048,-1.724065900986703,-2.677243667098139,-1.5536032234632557,-1.4194536476791928,-0.7205631293233238,-0.21532973649009735,1.451227275811961,-0.9202428195030085,5151.0
-0.9124883076503751,-1.3121956844572482,-0.8648706998318653,1.7830344452069105,-0.8884551536680434,1.958345586979106,-1.0784310054030717,-0.7085958764076113,-1.4746917341967432,-1.1094586645185023,-1.4025553899687262,-0.46483416760718993,-0.7076263459377201,1.451227275811961,-0.9202428195030085,6295.0
-0.8172730521606013,-1.2448113683130697,-0.8648706998318653,1.7830344452069105,-0.8884551536680434,1.958345586979106,-1.0784310054030717,-0.7085958764076113,-1.239056558155253,-1.1094586645185023,-1.3856571322582596,-0.46483416760718993,-0.7076263459377201,1.451227275811961,-0.9202428195030085,6575.0
-1.1583476995043267,-1.3083451521061522,-0.9155708695389091,1.4918977974431378,-0.8884551536680434,1.8051162567002066,-0.9849715439329279,-0.8417722730737214,-1.360936821624989,-1.3315309439908782,-1.368758874547793,-0.08124072503298917,-1.1999229553853428,1.451227275811961,-0.9202428195030085,5572.0
-0.8846038399712272,-1.3083451521061522,-0.9155708695389091,1.0551928257974788,-0.8884551536680434,0.8857402750268095,-0.9849715439329279,-0.8417722730737214,-1.360936821624989,-1.3315309439908782,-1.3518606168373264,-0.08124072503298917,-1.1999229553853428,1.451227275811961,-0.9202428195030085,6377.0
-0.5682004924282412,-0.8231780758680675,-0.05366798451916333,-0.10935376525761202,-0.6958743379112906,-0.18686503692548712,-0.9849715439329279,-0.8417722730737214,-1.360936821624989,-1.1094586645185023,-1.3349623591268598,0.43021719839927847,-1.1999229553853428,-0.6890719439107155,1.0866697123918505,7957.0
-0.9349319035872504,-1.1331459301312883,-0.9155708695389091,1.0551928257974788,-0.8884551536680434,0.8857402750268095,-0.9849715439329279,-0.8417722730737214,-1.360936821624989,-1.3315309439908782,-1.3180641014163932,-0.08124072503298917,-1.281972390293278,1.451227275811961,-0.9202428195030085,6229.0
-0.7774866775452316,-1.0907900742692331,-0.9155708695389091,1.0551928257974788,-0.8884551536680434,0.8857402750268095,-0.9849715439329279,-0.8417722730737214,-1.360936821624989,-1.3315309439908782,-1.3011658437059266,-0.08124072503298917,-1.281972390293278,1.451227275811961,-0.9202428195030085,6692.0
-0.46565671581622226,-1.0907900742692331,-0.9155708695389091,1.0551928257974788,-0.8884551536680434,0.8857402750268095,-0.9849715439329279,-0.8417722730737214,-1.360936821624989,-1.3315309439908782,-1.2842675859954602,-0.08124072503298917,-1.281972390293278,1.451227275811961,-0.9202428195030085,7609.0
-0.38051123698210926,-0.7018863068085462,-0.05366798451916333,-0.10935376525761202,-0.6958743379112906,-0.18686503692548712,-0.9849715439329279,-0.8417722730737214,-1.360936821624989,-1.1094586645185023,-1.2673693282849936,0.43021719839927847,-1.281972390293278,-0.6890719439107155,1.0866697123918505,8558.0
-0.8152104266025677,-0.039594742420049546,-0.4085691724684704,-0.10935376525761202,-0.11813189064103245,-0.18686503692548712,-0.6111336980523459,0.7563444869196039,0.04474888372596479,0.0379147794221149,-1.250471070574527,0.6539800399008949,2.492301615471819,1.451227275811961,-0.9202428195030085,8921.0
-0.5097853246105215,0.49177872203118617,1.03638566418228,-0.9827637085489301,0.7003365763251667,-0.9530116883199847,0.18327172444389506,-0.475537182241917,-0.06900602884578928,1.0002279904690847,-1.2335728128640604,2.0604893293396294,-1.4460712601091512,-0.6890719439107155,-0.9202428195030085,12964.0
-0.8978142174215551,-1.622163538720469,-1.1690717180741284,3.3842860079076607,-0.8403099497288552,3.643868220047001,-0.9382418131978543,-2.0237127934854535,-2.3928563856687552,-1.5536032234632557,-1.2166745551535938,0.4941494388283119,-1.1999229553853428,-0.6890719439107155,-0.9202428195030085,6479.0
-0.7727333072595232,-1.4180853241123856,-0.7127701907107337,1.0551928257974788,-0.8403099497288552,0.8857402750268095,-0.9382418131978543,-2.0237127934854535,-2.3928563856687552,-1.5536032234632557,-1.1997762974431272,0.4941494388283119,-1.1999229553853428,-0.6890719439107155,-0.9202428195030085,6855.0
-0.9615379385864498,-1.3834305329525225,-1.1183715483670846,1.6374661213250241,-1.1532537753335783,1.958345586979106,-0.8915120824627807,-0.8417722730737214,-1.9540874371777053,-1.5536032234632557,-1.1828780397326606,-0.5926986484652568,-0.46147804121390873,-0.6890719439107155,-0.9202428195030085,5399.0
-0.8811811176659657,-1.185128116871083,-0.7127701907107337,0.4729195302699334,-0.8403099497288552,0.73251094474791,-0.8915120824627807,-0.8417722730737214,-1.9540874371777053,-1.5536032234632557,-1.165979782022194,0.4941494388283119,-0.46147804121390873,-0.6890719439107155,-0.9202428195030085,6529.0
-0.6815839205988934,-1.1543238580623159,-0.7127701907107337,0.4729195302699334,-0.8403099497288552,0.73251094474791,-0.8915120824627807,-0.8417722730737214,-1.9540874371777053,-1.5536032234632557,-1.1490815243117274,0.4941494388283119,-0.46147804121390873,-0.6890719439107155,-0.9202428195030085,7129.0
-0.6263620294103368,-1.0503594845827262,-0.7127701907107337,0.4729195302699334,-0.8403099497288552,0.73251094474791,-0.8915120824627807,-0.37565488474233505,-0.8652904168480631,-1.5536032234632557,-1.1321832666012608,0.4941494388283119,0.3179915904114915,-0.6890719439107155,-0.9202428195030085,7295.0
-0.6263620294103368,-1.0234057581250549,-0.7127701907107337,0.4729195302699334,-0.8403099497288552,0.73251094474791,-0.9382418131978543,-0.37565488474233505,-1.3771875234209552,-1.516591176884527,-1.1152850088907944,0.4941494388283119,1.876930853662292,-0.6890719439107155,-0.9202428195030085,7295.0
-0.8565338880281381,-0.6152493289088883,-0.4592693421755143,0.32735120638804704,-0.40700311427616154,0.2728229539112114,-0.33075531364190436,-0.37565488474233505,-0.5321510300307851,-0.6653141055737468,-1.0983867511803278,1.0375734824750955,-0.17430501903613121,-0.6890719439107155,-0.9202428195030085,7895.0
-0.5226622129341258,-0.5132102216048466,-0.4592693421755143,0.32735120638804704,-0.40700311427616154,0.2728229539112114,-0.33075531364190436,-0.37565488474233505,-0.5321510300307851,-0.6653141055737468,-1.0814884934698612,1.0375734824750955,-0.17430501903613121,-0.6890719439107155,-0.9202428195030085,9095.0
-0.5922188119120452,-0.4843312289716273,-0.4592693421755143,0.32735120638804704,-0.40700311427616154,0.2728229539112114,-0.33075531364190436,-0.37565488474233505,0.10975169090982491,-0.6653141055737468,-1.0645902357593946,1.0375734824750955,0.15389272059561823,-0.6890719439107155,-0.9202428195030085,8845.0
-0.18879053784011393,-0.3534131290343663,-0.4592693421755143,0.32735120638804704,-0.40700311427616154,0.2728229539112114,-1.5924580434888744,-0.37565488474233505,0.10975169090982491,-0.6653141055737468,-1.047691978048928,1.0375734824750955,0.15389272059561823,-0.6890719439107155,-0.9202428195030085,10295.0
0.5485094113258296,-0.17436337470840643,-0.07901806937268527,-0.4004904130213847,-0.40700311427616154,-0.18686503692548712,-0.33075531364190436,-0.37565488474233505,0.10975169090982491,-0.6653141055737468,-1.0307937203384614,1.0375734824750955,0.15389272059561823,-0.6890719439107155,1.0866697123918505,12945.0
-0.1748792180445297,-0.5055091569026547,-0.1043681542262072,0.03621455862427433,-0.40700311427616154,-0.03363570664658759,0.04308253223867764,-0.37565488474233505,-0.4021454156630672,-0.6653141055737468,-1.0138954626279948,1.0375734824750955,-1.1178735204774048,1.451227275811961,-0.9202428195030085,10345.0
-1.1823720892582135,-0.4207974451785447,-0.6620700210036897,-0.2549220891394984,-0.38293051230656744,-0.18686503692548712,-1.9195661586343862,-0.7418899755741394,-0.27213980129534926,-0.07312136031407311,-0.9969972049175282,-0.08124072503298917,-0.09225558412819312,1.451227275811961,-0.9202428195030085,6785.0
-0.02103547812736807,-1.3121956844572482,-0.8648706998318653,1.7830344452069105,-0.8884551536680434,1.958345586979106,-1.0784310054030717,-0.7085958764076113,-1.4746917341967432,-1.1094586645185023,-0.9800989472070617,-0.46483416760718993,-0.7076263459377201,1.451227275811961,-0.9202428195030085,8916.5
-0.02103547812736807,-1.2448113683130697,-0.8648706998318653,1.7830344452069105,-0.8884551536680434,1.958345586979106,-1.0784310054030717,-0.7085958764076113,-1.4746917341967432,-1.1094586645185023,-0.9632006894965951,-0.46483416760718993,-0.7076263459377201,1.451227275811961,-0.9202428195030085,8916.5
-0.2117617507798807,0.3435332265139936,-0.3578690027614265,-0.2549220891394984,-0.19034969654981473,-0.18686503692548712,-0.33075531364190436,-0.45889013265865414,-0.11775813423368321,0.3710231986306822,-0.9463024317861285,-0.08124072503298917,-0.9537746506615314,-0.6890719439107155,-0.9202428195030085,11048.0
0.7724816600347287,2.9079877723438705,1.8222382946414597,-1.710605327958362,3.155741977223764,-1.5659290094355827,1.7253528387013,2.3711082964961943,2.0760866082215648,1.1112641302052728,-0.9294041740756619,2.9235745751315805,-0.3794286063059735,-0.6890719439107155,1.0866697123918505,32250.0
1.1639397287011573,2.9079877723438705,1.8222382946414597,-1.710605327958362,3.155741977223764,-1.5659290094355827,1.7253528387013,2.3711082964961943,2.0760866082215648,1.1112641302052728,-0.9125059163651953,2.9235745751315805,-0.3794286063059735,-0.6890719439107155,1.0866697123918505,35550.0
0.3265513168940808,2.6846568959803077,4.002345592044346,-2.0017419757221346,4.7926789111561625,-1.8723876699933817,2.192650146052029,0.5399328423371748,1.4341838872809547,0.7781557109967071,-0.8956076586547288,-1.5836483751152748,-2.4306644790043967,-0.6890719439107155,1.0866697123918505,36000.0
-1.3059612404131589,-1.2813914256484809,-0.9155708695389091,0.03621455862427433,-0.8643825516984494,0.73251094474791,-0.7980526209926335,-0.9416545705733057,-1.2146805054613072,-1.1094586645185023,-0.8787094009442622,-0.336969686749123,0.15389272059561823,1.451227275811961,-0.9202428195030085,5195.0
-1.0032753811246318,-1.2621387638930013,-0.9155708695389091,1.0551928257974788,-0.8643825516984494,0.8857402750268095,-0.7980526209926335,-0.9416545705733057,-1.2146805054613072,-1.1094586645185023,-0.8618111432337956,-0.336969686749123,0.15389272059561823,1.451227275811961,-0.9202428195030085,6095.0
-0.7678530461224439,-1.2525124330152615,-0.9155708695389091,1.0551928257974788,-0.8643825516984494,0.8857402750268095,-0.7980526209926335,-0.9416545705733057,-1.2146805054613072,-1.1094586645185023,-0.844912885523329,-0.336969686749123,0.15389272059561823,1.451227275811961,-0.9202428195030085,6795.0
-0.8014848082656134,-1.1755017859933432,-0.9155708695389091,1.0551928257974788,-0.8643825516984494,0.8857402750268095,-0.7980526209926335,-0.9416545705733057,-0.589028486316661,-1.1094586645185023,-0.8280146278128624,-0.336969686749123,0.15389272059561823,1.451227275811961,-0.9202428195030085,6695.0
-0.5660624732634254,-1.1658754551156034,-0.9155708695389091,1.0551928257974788,-0.8643825516984494,0.8857402750268095,-0.7980526209926335,-0.9416545705733057,-0.589028486316661,-0.9243984316248534,-0.8111163701023959,-0.336969686749123,0.15389272059561823,1.451227275811961,-0.9202428195030085,7395.0
1.7321639927900763,-0.33801099962998266,-0.07901806937268527,-1.1283320324308166,-1.3699071930599251,-1.2594703488777836,-0.09710665996653978,-0.5754194797415013,-0.41027076656104916,0.0009027328433861145,-0.7942181123919293,-0.0013254244966976996,-1.6922195648329628,-0.6890719439107155,-0.9202428195030085,10945.0
2.125655609865162,-0.33801099962998266,-0.07901806937268527,-1.1283320324308166,-1.3699071930599251,-1.2594703488777836,-0.09710665996653978,-0.5754194797415013,-0.41027076656104916,0.0009027328433861145,-0.7773198546814627,-0.0013254244966976996,-1.6922195648329628,-0.6890719439107155,-0.9202428195030085,11845.0
2.9126388440153335,-0.32838466875224287,-0.07901806937268527,-1.1283320324308166,-1.3699071930599251,-1.2594703488777836,-0.09710665996653978,-0.5754194797415013,-0.41027076656104916,0.0009027328433861145,-0.7604215969709961,-0.0013254244966976996,-1.6922195648329628,-0.6890719439107155,-0.9202428195030085,13645.0
2.932040166801674,-0.10697905856422799,0.7828848156470605,-1.1283320324308166,-1.1291811733639843,-1.4126996791566833,-0.09710665996653978,-0.5754194797415013,-0.41027076656104916,0.0009027328433861145,-0.7435233392605295,-0.0013254244966976996,-1.6922195648329628,-0.6890719439107155,1.0866697123918505,15645.0
-0.8342757763552038,-0.32838466875224287,-0.5099695118825581,0.18178288250616068,-0.11813189064103245,0.11959362363231192,0.2767311859140422,0.007227255672732204,0.304760112461403,0.22297501231576378,-0.726625081550063,0.43021719839927847,-0.010206149220255032,1.451227275811961,-0.9202428195030085,8845.0
-0.9220767291633969,-0.280253014363544,-0.5099695118825581,0.18178288250616068,-0.11813189064103245,0.11959362363231192,0.2767311859140422,0.007227255672732204,0.304760112461403,0.22297501231576378,-0.7097268238395964,0.43021719839927847,0.7282387649511761,1.451227275811961,-0.9202428195030085,8495.0
-0.3952710123142388,-0.32838466875224287,-0.5099695118825581,0.18178288250616068,-0.11813189064103245,0.11959362363231192,0.2767311859140422,0.007227255672732204,0.304760112461403,0.22297501231576378,-0.6928285661291298,0.43021719839927847,-0.010206149220255032,1.451227275811961,-0.9202428195030085,10595.0
-0.48307196512243145,-0.280253014363544,-0.5099695118825581,0.18178288250616068,-0.11813189064103245,0.11959362363231192,0.2767311859140422,0.007227255672732204,0.304760112461403,0.22297501231576378,-0.6759303084186632,0.43021719839927847,0.7282387649511761,1.451227275811961,-0.9202428195030085,10245.0
-0.3450990392809856,-0.21671923057046144,-1.0169712089529968,1.6374661213250241,-0.11813189064103245,1.651886926421307,0.2767311859140422,0.007227255672732204,0.304760112461403,0.22297501231576378,-0.6590320507081966,0.43021719839927847,0.7282387649511761,-0.6890719439107155,-0.9202428195030085,10795.0
-0.23221209995616593,-0.25137402173032464,-0.5099695118825581,0.18178288250616068,-0.11813189064103245,0.11959362363231192,0.2767311859140422,0.007227255672732204,0.304760112461403,0.22297501231576378,-0.6421337929977301,0.43021719839927847,0.7282387649511761,1.451227275811961,-0.9202428195030085,11245.0
0.9429946941005996,0.22031619127892443,0.4026335428442315,-0.5460587369032711,0.3151749448116612,-0.9530116883199847,0.0898122629737479,1.0226972802518264,0.07725028731789485,1.5924207357287568,-0.6252355352872635,-0.30500356653460553,0.2769668729575225,-0.6890719439107155,1.0866697123918505,18280.0
1.136542975401545,0.2780741765453631,-0.8141705301248213,1.200761149679365,0.17073933299409666,0.8857402750268095,0.0898122629737479,1.0226972802518264,0.07725028731789485,0.3710231986306822,-0.6083372775767969,1.229370203762196,0.2769668729575225,-0.6890719439107155,-0.9202428195030085,18344.0
1.2201828994014574,1.847166109616947,0.4786837974047973,-0.8371953846670438,1.3502968295042073,-0.49332369748328614,2.0524609538468117,1.87169680899828,1.369181080097097,0.9262038973116256,-0.5914390198663303,1.229370203762196,1.1384859394908609,-0.6890719439107155,-0.9202428195030085,25552.0
1.671061697060293,2.299603660870716,0.4786837974047973,-0.8371953846670438,1.3502968295042073,-0.49332369748328614,2.0524609538468117,1.87169680899828,1.369181080097097,0.9262038973116256,-0.5745407621558637,1.229370203762196,2.041029723478168,-0.6890719439107155,-0.9202428195030085,28248.0
1.6590204235323118,1.8086607861059878,0.4786837974047973,-0.8371953846670438,1.3502968295042073,-0.49332369748328614,2.0524609538468117,1.3223441727505745,1.092919149565695,0.9262038973116256,-0.5576425044453972,1.229370203762196,0.4820904602273648,-0.6890719439107155,-0.9202428195030085,28176.0
2.2316498757518417,2.3381089843816754,0.4786837974047973,-0.8371953846670438,1.3502968295042073,-0.49332369748328614,2.706677184137835,2.8039315856610525,2.319847135161037,0.9262038973116256,-0.5407442467349306,1.229370203762196,1.0564365045829227,-0.6890719439107155,-0.9202428195030085,31600.0
1.4178004383129486,2.2803509991152366,1.2898865127174992,-1.8561736518402483,2.5779995299535057,-1.4126996791566833,2.706677184137835,2.8039315856610525,2.319847135161037,0.4820593383668702,-0.523845989024464,-0.49680028782170593,1.1384859394908609,-0.6890719439107155,1.0866697123918505,34184.0
1.5318494806028975,2.1744613594600994,1.2898865127174992,-1.8561736518402483,2.5779995299535057,-1.4126996791566833,2.145920415316959,-0.3590078351590722,0.507893884910963,0.4820593383668702,-0.5069477313139974,-0.49680028782170593,-1.1999229553853428,-0.6890719439107155,1.0866697123918505,35056.0
1.016923422157129,2.58839358720291,2.0250389734696355,-2.1473102996040208,4.359372075703469,-1.7191583397144823,2.706677184137835,3.6862252135740365,2.766741434550069,1.7404689220436753,-0.49004947360353085,0.30235271754121157,1.220535374398799,-0.6890719439107155,1.0866697123918505,40960.0
1.517469443824547,2.2322193447265377,2.0250389734696355,-2.1473102996040208,4.263081667825093,-1.7191583397144823,2.8468663763430526,2.2046378006635563,2.0435852046296348,1.7404689220436753,-0.47315121589306425,0.30235271754121157,0.6872140474972072,-0.6890719439107155,1.0866697123918505,45400.0
0.5545310254659177,0.6823800734104337,1.796888209787938,-0.9827637085489301,0.3151749448116612,-0.9530116883199847,0.977677146940136,0.6564621894200219,0.35351221784929693,1.6664448288862161,-0.45625295818259765,-0.4328680473926725,0.4410657427733958,-0.6890719439107155,1.0866697123918505,16503.0
-1.2604157920934032,-1.2274839727331381,-0.9155708695389091,1.4918977974431378,-0.8403099497288552,1.8051162567002066,-0.7045931595224864,-0.8417722730737214,-1.360936821624989,-1.3315309439908782,-0.4393547004721311,-0.08124072503298917,-1.1999229553853428,1.451227275811961,-0.9202428195030085,5389.0
-0.9942861960039735,-1.1774270521688912,-0.9155708695389091,1.0551928257974788,-0.8403099497288552,0.8857402750268095,-0.7045931595224864,-0.8417722730737214,-1.360936821624989,-1.3315309439908782,-0.4224564427616645,-0.08124072503298917,-1.1999229553853428,1.451227275811961,-0.9202428195030085,6189.0
-0.8346084383503156,-1.061911081636014,-0.9155708695389091,1.0551928257974788,-0.8403099497288552,0.8857402750268095,-0.7045931595224864,-0.8417722730737214,-1.360936821624989,-1.3315309439908782,-0.40555818505119795,-0.08124072503298917,-1.1999229553853428,1.451227275811961,-0.9202428195030085,6669.0
-0.6518955347902436,-0.7904485508837522,-0.05366798451916333,-0.10935376525761202,-0.6958743379112906,-0.18686503692548712,-0.9849715439329279,-0.9583016201565685,-1.360936821624989,-1.1094586645185023,-0.38865992734073135,0.43021719839927847,-1.1999229553853428,-0.6890719439107155,-0.9202428195030085,7689.0
-0.28227460686643707,-0.3572636613854622,0.30123320343014376,-0.10935376525761202,-0.40700311427616154,-0.3400943672043866,-0.2372958521717572,-0.40894898390886314,-0.08525673064175315,-0.5912900124162876,-0.37176166963026475,0.6539800399008949,-1.7742689997409007,-0.6890719439107155,-0.9202428195030085,9959.0
-0.921073289702732,-0.43812484075847635,-0.4085691724684704,0.18178288250616068,-0.11813189064103245,-0.03363570664658759,-0.2372958521717572,-0.40894898390886314,-0.08525673064175315,0.07492682600084534,-0.3548634119197982,0.6539800399008949,-1.7742689997409007,1.451227275811961,-0.9202428195030085,8499.0
-0.5755073931319656,0.5341345778932411,1.03638566418228,-0.9827637085489301,0.7003365763251667,-0.9530116883199847,0.18327172444389506,-0.475537182241917,-0.06900602884578928,0.9262038973116256,-0.3379651542093316,1.9326248484815627,-1.4460712601091512,-0.6890719439107155,-0.9202428195030085,12629.0
-0.1360523677945484,0.7035580013414613,1.03638566418228,-0.9827637085489301,0.7003365763251667,-0.9530116883199847,0.18327172444389506,-0.475537182241917,-0.06900602884578928,0.9632159438903544,-0.32106689649886505,1.9326248484815627,-1.4460712601091512,-0.6890719439107155,-0.9202428195030085,14869.0
-0.21060277387857443,0.7131843322192011,1.03638566418228,-0.9827637085489301,0.7003365763251667,-0.9530116883199847,0.18327172444389506,-0.475537182241917,-0.06900602884578928,0.9632159438903544,-0.30416863878839845,1.9326248484815627,-1.4460712601091512,-0.6890719439107155,-0.9202428195030085,14489.0
-1.2998716861037933,-0.36688999226320196,-0.4085691724684704,0.18178288250616068,-0.11813189064103245,-0.03363570664658759,-0.2372958521717572,-0.40894898390886314,-0.13400883602964708,0.07492682600084534,-0.28727038107793185,0.6539800399008949,-0.8717252157535934,1.451227275811961,-0.9202428195030085,6989.0
-0.9988398479042743,-0.2898793452412838,-0.4085691724684704,0.18178288250616068,-0.11813189064103245,-0.03363570664658759,-0.2372958521717572,-0.40894898390886314,-0.13400883602964708,0.07492682600084534,-0.2703721233674653,0.6539800399008949,-0.8717252157535934,1.451227275811961,-0.9202428195030085,8189.0
-0.47146855608637733,-0.2937298775923797,0.30123320343014376,-0.10935376525761202,-0.40700311427616154,-0.3400943672043866,-0.2372958521717572,-0.40894898390886314,-0.13400883602964708,-0.5912900124162876,-0.2534738656569987,0.6539800399008949,-0.8717252157535934,-0.6890719439107155,-0.9202428195030085,9279.0
-0.47146855608637733,-0.2937298775923797,0.30123320343014376,-0.10935376525761202,-0.40700311427616154,-0.3400943672043866,-0.2372958521717572,-0.40894898390886314,-0.13400883602964708,-0.5912900124162876,-0.23657560794653212,0.6539800399008949,-0.8717252157535934,-0.6890719439107155,-0.9202428195030085,9279.0
-1.3181172154723293,-1.2833166918240289,-0.8902207846853871,0.9096245019155924,-0.7199469398808848,0.8857402750268095,-0.9849715439329279,-0.7085958764076113,-0.7109087497863971,-0.6653141055737468,-0.21967735023606555,0.11055599625411121,0.3179915904114915,1.451227275811961,-0.9202428195030085,5499.0
-0.9437700186685999,-1.0368826213538904,-1.2451219726346943,2.802012712380115,-0.5755113280633202,3.030950898931403,-0.9849715439329279,-0.7085958764076113,-0.7109087497863971,-1.257506850833419,-0.20277909252559898,0.6859461601154123,0.3179915904114915,-0.6890719439107155,-0.9202428195030085,7099.0
-0.955275575443184,-1.2274839727331381,-0.8902207846853871,0.9096245019155924,-0.7199469398808848,0.8857402750268095,-0.9849715439329279,-0.7085958764076113,-0.7109087497863971,-0.6653141055737468,-0.18588083481513237,0.11055599625411121,0.3179915904114915,1.451227275811961,-0.9202428195030085,6649.0
-0.8921726815250719,-1.188978649222179,-0.8902207846853871,0.9096245019155924,-0.7199469398808848,0.8857402750268095,-0.9849715439329279,-0.7085958764076113,-0.7109087497863971,-0.6653141055737468,-0.1689825771046658,0.11055599625411121,0.3179915904114915,1.451227275811961,-0.9202428195030085,6849.0
-0.7344154467297911,-1.0234057581250549,-0.8902207846853871,0.9096245019155924,-0.7199469398808848,0.8857402750268095,-0.9849715439329279,-0.7085958764076113,-0.3127665557852613,-0.6653141055737468,-0.15208431939419922,0.11055599625411121,-0.09225558412819312,1.451227275811961,-0.9202428195030085,7349.0
-0.7501911702093192,-1.1639501889400556,-0.8902207846853871,0.9096245019155924,-0.7199469398808848,0.8857402750268095,-0.9849715439329279,-0.7085958764076113,-0.7109087497863971,-0.6653141055737468,-0.13518606168373265,0.11055599625411121,0.3179915904114915,1.451227275811961,-0.9202428195030085,7299.0
-0.5924339354140389,-1.015704693422863,-0.8902207846853871,0.9096245019155924,-0.7199469398808848,0.8857402750268095,-0.9849715439329279,-0.7085958764076113,-0.6865326970924512,-0.6653141055737468,-0.11828780397326606,0.11055599625411121,-0.17430501903613121,1.451227275811961,-0.9202428195030085,7799.0
-0.6870882762912068,-1.1254448654290965,-0.8902207846853871,0.9096245019155924,-0.7199469398808848,0.8857402750268095,-0.9849715439329279,-0.7085958764076113,-0.7109087497863971,-0.6653141055737468,-0.10138954626279949,0.11055599625411121,0.3179915904114915,1.451227275811961,-0.9202428195030085,7499.0
-0.5293310414959264,-0.9983772978429314,-0.8902207846853871,0.9096245019155924,-0.7199469398808848,0.8857402750268095,-0.9849715439329279,-0.7085958764076113,-0.3127665557852613,-0.6653141055737468,-0.0844912885523329,0.11055599625411121,-0.09225558412819312,1.451227275811961,-0.9202428195030085,7999.0
-0.4504524240982862,-1.054210016933822,-0.8902207846853871,0.9096245019155924,-0.7199469398808848,0.8857402750268095,-0.9849715439329279,-0.6087135789080294,-0.9465439258278872,-0.6653141055737468,-0.06759303084186633,0.11055599625411121,-0.17430501903613121,1.451227275811961,-0.9202428195030085,8249.0
-0.7707706014883635,-0.44582590546066814,-0.180418408786773,0.4729195302699334,-0.16627709458022064,0.2728229539112114,-0.33075531364190436,-0.25912553765948787,-0.052755327049823095,0.0009027328433861145,-0.050694773131399744,0.6859461601154123,0.40004102531942964,1.451227275811961,-0.9202428195030085,8949.0
-0.6177460837369414,-0.4881817613227232,-0.180418408786773,0.4729195302699334,-0.16627709458022064,0.2728229539112114,-0.33075531364190436,-0.25912553765948787,-0.052755327049823095,0.0009027328433861145,-0.03379651542093316,0.6859461601154123,0.40004102531942964,1.451227275811961,-0.9202428195030085,9549.0
-0.7706141952133138,1.0385543158868056,1.2138362581569333,-1.273900356312703,1.302151625565019,-1.2594703488777836,0.2767311859140422,0.27358004900495464,0.6216487974827147,0.3710231986306822,-0.01689825771046658,0.046623755825077745,0.5641398951353029,-0.6890719439107155,1.0866697123918505,13499.0
-0.6184351167864851,1.4255328171719446,1.2138362581569333,-1.273900356312703,1.302151625565019,-1.2594703488777836,0.2767311859140422,0.27358004900495464,0.8572839735242048,0.3710231986306822,0.0,0.046623755825077745,0.9743870696749876,-0.6890719439107155,1.0866697123918505,14399.0
-0.7706141952133138,0.9711699997426271,1.2138362581569333,-0.8371953846670438,1.302151625565019,-0.9530116883199847,0.2767311859140422,0.27358004900495464,0.8572839735242048,0.3710231986306822,0.01689825771046658,0.046623755825077745,0.5641398951353029,-0.6890719439107155,1.0866697123918505,13499.0
-0.14498909501412985,0.9923479276736545,1.4166369369851088,-0.8371953846670438,1.302151625565019,-0.9530116883199847,0.9309474162050657,-1.2413014630720538,-0.27213980129534926,0.3710231986306822,0.03379651542093316,0.046623755825077745,-1.6511948473789937,-0.6890719439107155,1.0866697123918505,17199.0
0.2777305672826168,1.1232660276109157,2.430640331125986,-1.1283320324308166,1.302151625565019,-1.2594703488777836,0.9309474162050657,-1.2413014630720538,-0.27213980129534926,0.3710231986306822,0.050694773131399744,0.046623755825077745,-1.6511948473789937,-0.6890719439107155,1.0866697123918505,19699.0
0.057916342888308776,1.1232660276109157,1.4166369369851088,-0.8371953846670438,1.302151625565019,-0.9530116883199847,0.9309474162050657,0.07381545400578841,0.36163756874727887,0.3710231986306822,0.06759303084186633,0.046623755825077745,-1.6511948473789937,-0.6890719439107155,1.0866697123918505,18399.0
-0.01814501501428509,0.8941593527207089,-0.180418408786773,-0.9827637085489301,-0.16627709458022064,-0.9530116883199847,1.1645960698804303,1.5221087677497407,1.0279163423818347,0.4820593383668702,0.0844912885523329,-0.20910520589105608,1.220535374398799,-0.6890719439107155,1.0866697123918505,11900.0
-0.3953370280682299,1.234931465792697,-0.23111857849381687,0.32735120638804704,0.6040461684467903,0.42605228419011093,1.1645960698804303,1.5221087677497407,1.0279163423818347,1.3703484562563808,0.10138954626279949,0.8457767611879953,1.220535374398799,-0.6890719439107155,-0.9202428195030085,13200.0
0.11957705096199485,1.2984652495857796,-0.180418408786773,-0.9827637085489301,-0.16627709458022064,-0.9530116883199847,1.1645960698804303,2.5708728914953607,2.019209151935689,0.4820593383668702,0.11828780397326606,-0.20910520589105608,2.041029723478168,-0.6890719439107155,1.0866697123918505,12440.0
-0.2624473152840998,1.6835184846953706,-0.23111857849381687,-0.8371953846670438,0.6040461684467903,-0.03363570664658759,1.1645960698804303,2.5708728914953607,2.019209151935689,1.3703484562563808,0.13518606168373265,0.8457767611879953,2.041029723478168,-0.6890719439107155,-0.9202428195030085,13860.0
0.9204053605277704,1.0000489923758464,-0.23111857849381687,-0.9827637085489301,-0.16627709458022064,-0.9530116883199847,1.1645960698804303,1.5221087677497407,1.0279163423818347,0.4820593383668702,0.15208431939419922,-3.405717227342726,1.220535374398799,-0.6890719439107155,1.0866697123918505,15580.0
0.34965075572158877,1.3408211054478345,-0.23111857849381687,0.32735120638804704,0.6040461684467903,0.42605228419011093,1.1645960698804303,1.5221087677497407,1.0279163423818347,1.3703484562563808,0.1689825771046658,0.8457767611879953,1.220535374398799,-0.6890719439107155,-0.9202428195030085,16900.0
1.2047759226824963,1.404354889240917,-0.23111857849381687,-0.9827637085489301,-0.16627709458022064,-0.9530116883199847,1.1645960698804303,2.5708728914953607,2.019209151935689,0.4820593383668702,0.18588083481513237,-3.405717227342726,1.220535374398799,-0.6890719439107155,1.0866697123918505,16695.0
0.3848866644143505,1.7894081243505082,-0.23111857849381687,-0.8371953846670438,0.6040461684467903,-0.03363570664658759,1.1645960698804303,2.5708728914953607,2.019209151935689,1.3703484562563808,0.20277909252559898,0.8457767611879953,2.041029723478168,-0.6890719439107155,-0.9202428195030085,17075.0
1.1881982665927593,1.0000489923758464,-0.180418408786773,-0.9827637085489301,-0.16627709458022064,-0.9530116883199847,1.1645960698804303,1.5221087677497407,1.0279163423818347,0.4820593383668702,0.21967735023606555,-0.20910520589105608,1.220535374398799,-0.6890719439107155,1.0866697123918505,16630.0
0.5610662078781581,1.3408211054478345,-0.23111857849381687,0.32735120638804704,0.6040461684467903,0.42605228419011093,1.1645960698804303,1.5221087677497407,1.0279163423818347,1.3703484562563808,0.23657560794653212,0.8457767611879953,1.220535374398799,-0.6890719439107155,-0.9202428195030085,17950.0
1.0922343836944168,1.1059386320309839,0.960335409621714,-0.9827637085489301,0.17073933299409666,-1.1062410185988842,1.1178663391453534,1.5387558173330036,1.0279163423818347,1.0372400370478136,0.2534738656569987,-0.14517296546202263,0.9333623522210185,-0.6890719439107155,1.0866697123918505,18150.0
-1.1583476995043267,-1.2274839727331381,-0.9155708695389091,1.4918977974431378,-0.8884551536680434,1.8051162567002066,-0.9849715439329279,-0.8417722730737214,-1.360936821624989,-1.3315309439908782,0.2703721233674653,-0.08124072503298917,-1.1999229553853428,1.451227275811961,-0.9202428195030085,5572.0
-0.5682004924282412,-0.8231780758680675,-0.05366798451916333,-0.10935376525761202,-0.6958743379112906,-0.18686503692548712,-0.9849715439329279,-0.8417722730737214,-1.360936821624989,-1.1094586645185023,0.28727038107793185,0.43021719839927847,-1.1999229553853428,-0.6890719439107155,-0.9202428195030085,7957.0
-0.9349319035872504,-1.1331459301312883,-0.9155708695389091,1.0551928257974788,-0.8884551536680434,0.8857402750268095,-0.9849715439329279,-0.8417722730737214,-1.360936821624989,-1.3315309439908782,0.30416863878839845,-0.08124072503298917,-1.281972390293278,1.451227275811961,-0.9202428195030085,6229.0
-0.7774866775452316,-1.0907900742692331,-0.9155708695389091,1.0551928257974788,-0.8884551536680434,0.8857402750268095,-0.9849715439329279,-0.8417722730737214,-0.548401731826749,-1.3315309439908782,0.32106689649886505,-0.08124072503298917,-1.1999229553853428,1.451227275811961,-0.9202428195030085,6692.0
-0.6768791295251697,-0.7018863068085462,-0.9155708695389091,1.0551928257974788,-0.6958743379112906,0.8857402750268095,-0.9849715439329279,-0.8417722730737214,-0.548401731826749,-1.3315309439908782,0.3379651542093316,-0.08124072503298917,-1.1999229553853428,1.451227275811961,-0.9202428195030085,7609.0
-0.8152104266025677,-0.039594742420049546,-0.4085691724684704,-0.10935376525761202,-0.11813189064103245,-0.18686503692548712,-0.6111336980523459,0.7563444869196039,0.04474888372596479,0.07492682600084534,0.3548634119197982,0.6539800399008949,2.492301615471819,1.451227275811961,-0.9202428195030085,8921.0
-0.5490223804442195,0.5052555852600219,1.03638566418228,-0.9827637085489301,0.7003365763251667,-0.9530116883199847,0.18327172444389506,-0.475537182241917,-0.06900602884578928,0.9632159438903544,0.37176166963026475,1.9326248484815627,-1.4460712601091512,-0.6890719439107155,-0.9202428195030085,12764.0
1.4095095531376691,0.4282449382381036,0.985685494475236,-0.5460587369032711,0.5799735664771962,-0.9530116883199847,1.1178663391453534,-0.7085958764076113,-0.4183961174590311,2.2586375741458897,0.38865992734073135,-0.46483416760718993,-1.4460712601091512,-0.6890719439107155,1.0866697123918505,22018.0
2.0783960496700615,0.38588908237604863,2.60809092510064,-0.8371953846670438,1.6150954511697422,-1.2594703488777836,-0.4242147751120515,-1.5409483555708021,-0.4183961174590311,1.5183966425712994,0.40555818505119795,-1.1361226921120404,-0.8717252157535934,-0.6890719439107155,1.0866697123918505,32528.0
2.315031901862982,0.38588908237604863,2.60809092510064,-0.8371953846670438,1.6150954511697422,-1.2594703488777836,-0.4242147751120515,-1.5409483555708021,-0.4183961174590311,1.5183966425712994,0.4224564427616645,-1.1361226921120404,-0.8717252157535934,-0.6890719439107155,1.0866697123918505,34028.0
2.788303606248824,0.47060079410015865,2.60809092510064,-0.8371953846670438,1.6150954511697422,-1.2594703488777836,-0.4242147751120515,-1.5409483555708021,-0.4183961174590311,1.5183966425712994,0.4393547004721311,-1.1361226921120404,-0.8717252157535934,-0.6890719439107155,1.0866697123918505,37028.0
1.6809045484201417,1.5603014494603014,4.661447798235916,-0.4004904130213847,1.831748868896089,-1.2594703488777836,2.98705556854827,-0.05936094266032163,0.13412774360377072,2.2586375741458897,0.45625295818259765,-0.46483416760718993,-1.322997107747247,-0.6890719439107155,1.0866697123918505,31400.5
-0.8980359920849629,0.0451169693040605,-0.3578690027614265,0.03621455862427433,0.12259412905490848,-0.3400943672043866,0.2767311859140422,-0.44224308307539123,0.6053980956867508,0.4820593383668702,0.47315121589306425,2.0604893293396294,0.6051646125892719,-0.6890719439107155,1.0866697123918505,9295.0
-0.7589227941291246,-0.18398970558614622,-0.3578690027614265,0.03621455862427433,0.12259412905490848,-0.3400943672043866,0.3234609166491125,-0.44224308307539123,0.22350660348157897,0.4820593383668702,0.49004947360353085,2.0604893293396294,-1.322997107747247,-0.6890719439107155,1.0866697123918505,9895.0
-0.05587420052049025,0.19721299717234897,0.14913269430901213,-0.4004904130213847,-0.14220449261062654,-0.6465530277621856,0.2767311859140422,0.057168404422523175,1.0197909914838528,0.7781557109967071,0.5069477313139974,-0.5926986484652568,0.9743870696749876,-0.6890719439107155,1.0866697123918505,11850.0
0.02506438738108771,0.2684478456676233,0.14913269430901213,-0.4004904130213847,-0.14220449261062654,-0.6465530277621856,0.2767311859140422,0.057168404422523175,1.0197909914838528,0.7781557109967071,0.523845989024464,-0.5926986484652568,0.9743870696749876,-0.6890719439107155,1.0866697123918505,12170.0
0.7509823476233719,0.2915510397741988,0.14913269430901213,-0.4004904130213847,-0.14220449261062654,-0.6465530277621856,0.2767311859140422,0.057168404422523175,1.0197909914838528,-2.9230489468762504,0.5407442467349306,-3.7893106699169268,0.9743870696749876,-0.6890719439107155,1.0866697123918505,15040.0
0.8698608986038158,0.3897396147271445,0.14913269430901213,-0.4004904130213847,-0.14220449261062654,-0.6465530277621856,0.2767311859140422,0.057168404422523175,1.0197909914838528,0.7781557109967071,0.5576425044453972,-0.5926986484652568,0.9743870696749876,-0.6890719439107155,1.0866697123918505,15510.0
1.5376042487918395,0.48600292350454233,1.4166369369851088,-0.6916270607851575,-0.14220449261062654,-0.9530116883199847,0.2767311859140422,0.057168404422523175,1.0197909914838528,0.7781557109967071,0.5745407621558637,-0.5926986484652568,0.9743870696749876,-0.6890719439107155,1.0866697123918505,18150.0
1.6564827997722833,0.5610883043509126,1.4166369369851088,-0.6916270607851575,-0.14220449261062654,-0.9530116883199847,0.2767311859140422,0.057168404422523175,1.0197909914838528,0.7781557109967071,0.5914390198663303,-0.5926986484652568,0.9743870696749876,-0.6890719439107155,1.0866697123918505,18620.0
-1.4383282283863332,-0.9733488375608079,-0.8902207846853871,0.7640561780337061,-0.7199469398808848,0.8857402750268095,-1.1718904668732189,-0.8417722730737214,-1.393438225216919,1.074252083626544,0.6083372775767969,-2.862293183695942,-0.010206149220255032,1.451227275811961,-0.9202428195030085,5118.0
-1.0544610546753057,-0.838580205272451,-0.7888204452712995,0.03621455862427433,-0.45514831821534973,0.11959362363231192,-1.0784310054030717,-0.8417722730737214,-1.3121847162370952,1.074252083626544,0.6252355352872635,-1.967241817689474,-0.010206149220255032,1.451227275811961,-0.9202428195030085,7053.0
-0.8986027495581164,-0.6075482642066964,-0.7888204452712995,0.03621455862427433,-0.45514831821534973,0.11959362363231192,-0.9849715439329279,-0.9083604714067776,-1.360936821624989,1.074252083626544,0.6421337929977301,-1.967241817689474,0.8102881998591143,1.451227275811961,-0.9202428195030085,7603.0
-1.033774406905206,-0.7904485508837522,-0.5606696815896021,0.9096245019155924,-0.45514831821534973,1.038969605305709,-0.2372958521717572,-0.25912553765948787,-0.16651023962157716,1.074252083626544,0.6590320507081966,-1.967241817689474,-0.5025027586678777,1.451227275811961,-0.9202428195030085,7126.0
-0.8498616068669225,-0.7038115729840941,-0.5606696815896021,0.32735120638804704,-0.45514831821534973,0.42605228419011093,-0.2372958521717572,-0.25912553765948787,-0.16651023962157716,1.074252083626544,0.6759303084186632,-1.967241817689474,-0.5025027586678777,1.451227275811961,-0.9202428195030085,7775.0
-0.2306790674468158,-0.4150216466519009,-0.2564686633473388,0.18178288250616068,-0.45514831821534973,0.11959362363231192,-0.2372958521717572,-0.25912553765948787,-0.16651023962157716,1.074252083626544,0.6928285661291298,-1.967241817689474,-0.5025027586678777,-0.6890719439107155,1.0866697123918505,9960.0
-0.43669540893808273,-0.32838466875224287,-0.5606696815896021,-0.8371953846670438,-0.45514831821534973,-0.18686503692548712,-0.2372958521717572,-0.29241963682601596,-0.16651023962157716,1.074252083626544,0.7097268238395964,-1.967241817689474,0.23594215550355344,1.451227275811961,-0.9202428195030085,9233.0
0.13742991136632685,-0.08772639680874843,0.17448277916253407,-0.2549220891394984,-0.45514831821534973,-0.18686503692548712,-0.2372958521717572,-0.29241963682601596,-0.16651023962157716,1.074252083626544,0.726625081550063,-1.967241817689474,0.23594215550355344,-0.6890719439107155,1.0866697123918505,11259.0
-0.9382757726788556,-0.5112849554292986,-0.5606696815896021,0.18178288250616068,-0.45514831821534973,0.42605228419011093,-0.2372958521717572,-0.29241963682601596,-0.04462997615184115,1.074252083626544,0.7435233392605295,-1.967241817689474,-0.29737917139803544,1.451227275811961,-0.9202428195030085,7463.0
-0.16323492814156007,-0.19361603646388598,-0.2564686633473388,0.03621455862427433,-0.45514831821534973,-0.03363570664658759,-0.2372958521717572,-0.29241963682601596,-0.04462997615184115,1.074252083626544,0.7604215969709961,-1.967241817689474,-0.29737917139803544,-0.6890719439107155,1.0866697123918505,10198.0
-0.7824174675616663,-0.2610003526080644,-0.5606696815896021,-0.2549220891394984,-0.45514831821534973,-0.3400943672043866,-0.2372958521717572,-0.30906668640927887,-0.03650462525385922,1.074252083626544,0.7773198546814627,-1.967241817689474,0.4820904602273648,1.451227275811961,-0.9202428195030085,8013.0
0.26069966177719406,0.18181086776796535,0.17448277916253407,-1.1283320324308166,-0.45514831821534973,-0.3400943672043866,-0.2372958521717572,-0.30906668640927887,-0.03650462525385922,1.074252083626544,0.7942181123919293,-1.967241817689474,0.4820904602273648,-0.6890719439107155,1.0866697123918505,11694.0
-1.2740549338929865,-1.0984911389714251,-1.0676713786600407,1.200761149679365,-0.8403099497288552,1.4986575961424076,-1.0784310054030717,-0.5088312814084451,-1.2471819090532372,-1.0354345713610429,0.8111163701023959,-0.7205631293233238,0.3179915904114915,1.451227275811961,-0.9202428195030085,5348.0
-0.9447195587323169,-0.9926014993162875,-1.0676713786600407,1.0551928257974788,-0.8403099497288552,0.8857402750268095,-1.0784310054030717,-0.5088312814084451,-1.2471819090532372,-1.0354345713610429,0.8280146278128624,-0.7205631293233238,0.3179915904114915,1.451227275811961,-0.9202428195030085,6338.0
-0.8948202594655491,-1.0407331537049864,-1.0676713786600407,1.0551928257974788,-0.8403099497288552,0.8857402750268095,-1.0784310054030717,-0.5088312814084451,-1.2471819090532372,-1.0354345713610429,0.844912885523329,-0.7205631293233238,0.3179915904114915,1.451227275811961,-0.9202428195030085,6488.0
-0.7517756015674805,-0.5305376171847782,-1.0676713786600407,0.9096245019155924,-0.8403099497288552,0.8857402750268095,-1.0784310054030717,-0.5088312814084451,-0.3533933102751733,-1.0354345713610429,0.8618111432337956,-0.7205631293233238,2.2051285932940417,1.451227275811961,-0.9202428195030085,6918.0
-0.4257668463579292,-0.5112849554292986,-1.0676713786600407,0.18178288250616068,-0.8403099497288552,0.2728229539112114,-1.0784310054030717,-0.5088312814084451,-0.3533933102751733,-1.0354345713610429,0.8787094009442622,-0.7205631293233238,2.2051285932940417,1.451227275811961,-0.9202428195030085,7898.0
-0.13302429065955607,1.067433308520025,-1.0676713786600407,0.18178288250616068,-0.8403099497288552,0.2728229539112114,-1.0784310054030717,-0.5088312814084451,-0.3533933102751733,-1.0354345713610429,0.8956076586547288,-0.7205631293233238,2.2051285932940417,1.451227275811961,-0.9202428195030085,8778.0
-0.8864290303643618,-0.9136655861188213,-0.8648706998318653,0.9096245019155924,-0.6958743379112906,0.73251094474791,-0.7045931595224864,-0.5088312814084451,-0.6296552408065731,-0.5172659192588284,0.9125059163651953,-0.7205631293233238,-0.29737917139803544,1.451227275811961,-0.9202428195030085,6938.0
-0.8052323474758524,-0.8597581332034786,-0.8648706998318653,0.9096245019155924,-0.6958743379112906,0.73251094474791,-0.7045931595224864,-0.5088312814084451,-0.6296552408065731,-0.5172659192588284,0.9294041740756619,-0.7205631293233238,-0.3794286063059735,1.451227275811961,-0.9202428195030085,7198.0
-0.855699208840403,-0.540163948062518,-1.2197718877811723,0.7640561780337061,-0.40700311427616154,1.345428265863508,-0.7045931595224864,-0.5088312814084451,-0.6296552408065731,-0.22116954662899155,0.9463024317861285,0.30235271754121157,-0.29737917139803544,-0.6890719439107155,-0.9202428195030085,7898.0
-0.8863041123906874,-0.540163948062518,-1.2197718877811723,2.365307740734456,-0.40700311427616154,1.958345586979106,-0.7045931595224864,-0.5088312814084451,-0.6296552408065731,-0.22116954662899155,0.9632006894965951,0.30235271754121157,-0.3794286063059735,-0.6890719439107155,-0.9202428195030085,7788.0
-0.6365930830151014,-0.888637125836698,-0.8648706998318653,2.365307740734456,-0.6958743379112906,1.958345586979106,-0.7045931595224864,-0.5088312814084451,-0.6296552408065731,-0.5172659192588284,0.9800989472070617,-0.7205631293233238,-0.29737917139803544,1.451227275811961,-0.9202428195030085,7738.0
-0.44297022381942414,-0.8347296729213551,-0.8648706998318653,0.4729195302699334,-0.6958743379112906,0.42605228419011093,-0.7045931595224864,-0.5088312814084451,-0.6296552408065731,-0.5172659192588284,0.9969972049175282,-0.7205631293233238,-0.3794286063059735,1.451227275811961,-0.9202428195030085,8358.0
-0.1619047830515063,-0.800074881761492,-0.8648706998318653,0.4729195302699334,-0.6958743379112906,0.42605228419011093,-0.7045931595224864,-0.5088312814084451,-0.6296552408065731,-0.5172659192588284,1.0138954626279948,-0.7205631293233238,-0.3794286063059735,1.451227275811961,-0.9202428195030085,9258.0
-0.5366587040753968,-0.7442421626706013,-0.8648706998318653,0.4729195302699334,-0.6958743379112906,0.5792816144690105,-0.8915120824627807,-0.7085958764076113,-0.4346468192549973,-0.5172659192588284,1.0307937203384614,-0.7205631293233238,-0.46147804121390873,1.451227275811961,-0.9202428195030085,8058.0
-0.4804456159218134,-0.6768578465264228,-0.8648706998318653,0.4729195302699334,-0.6958743379112906,0.5792816144690105,-0.8915120824627807,-0.7085958764076113,-0.4346468192549973,-0.5172659192588284,1.047691978048928,-0.7205631293233238,-0.46147804121390873,1.451227275811961,-0.9202428195030085,8238.0
-0.14941298568404307,-0.5594166098179976,0.19983286401605602,-0.2549220891394984,-0.6958743379112906,0.11959362363231192,-0.8915120824627807,-0.7085958764076113,-0.4346468192549973,-0.33220568636517955,1.0645902357593946,-0.5607325282507394,-0.46147804121390873,-0.6890719439107155,1.0866697123918505,9298.0
-0.07446220147926494,-0.49203229367381907,0.19983286401605602,-0.2549220891394984,-0.6958743379112906,0.11959362363231192,-0.8915120824627807,-0.7085958764076113,-0.4346468192549973,-0.33220568636517955,1.0814884934698612,-0.5607325282507394,-0.46147804121390873,-0.6890719439107155,1.0866697123918505,9538.0
-1.2820297077484062,-0.029968411542309767,0.30123320343014376,-0.10935376525761202,0.4596105566292258,-0.18686503692548712,-0.1438363907016167,-0.05936094266032163,0.17475449809368274,1.074252083626544,1.0983867511803278,0.7818445207589618,-0.7076263459377201,-0.6890719439107155,1.0866697123918505,8449.0
-1.0325787815508825,-0.037669476244501586,0.30123320343014376,-0.10935376525761202,0.4596105566292258,-0.18686503692548712,-0.1438363907016167,-0.05936094266032163,0.17475449809368274,1.074252083626544,1.1152850088907944,0.7818445207589618,-0.7076263459377201,-0.6890719439107155,1.0866697123918505,9639.0
-0.9592108620810224,-0.008790483611282257,0.30123320343014376,-0.10935376525761202,0.4596105566292258,-0.18686503692548712,-0.1438363907016167,-0.05936094266032163,0.17475449809368274,1.074252083626544,1.1321832666012608,0.7818445207589618,-0.7076263459377201,-0.6890719439107155,1.0866697123918505,9989.0
-0.705567483342364,0.23764358685885603,0.30123320343014376,-0.10935376525761202,0.4596105566292258,-0.18686503692548712,-0.1438363907016167,-0.05936094266032163,0.17475449809368274,1.074252083626544,1.1490815243117274,0.7818445207589618,-0.7076263459377201,-0.6890719439107155,1.0866697123918505,11199.0
-0.632199563872504,0.3050279030030345,0.30123320343014376,-0.10935376525761202,0.4596105566292258,-0.18686503692548712,-0.1438363907016167,-0.05936094266032163,0.17475449809368274,1.074252083626544,1.165979782022194,0.7818445207589618,-0.7076263459377201,-0.6890719439107155,1.0866697123918505,11549.0
0.6506909137147613,0.8075223748210508,0.30123320343014376,-0.10935376525761202,0.4596105566292258,-0.18686503692548712,-0.1438363907016167,-0.05936094266032163,0.17475449809368274,1.074252083626544,1.1828780397326606,0.7818445207589618,-0.29737917139803544,-0.6890719439107155,1.0866697123918505,17669.0
-0.8084372102430786,-0.44197537310957224,-0.3071688330543827,0.4729195302699334,-0.11813189064103245,0.5792816144690105,0.2767311859140422,0.6065210406702309,0.12600239270578878,-0.07312136031407311,1.1997762974431272,0.9097090016170287,0.4820904602273648,-0.6890719439107155,1.0866697123918505,8948.0
-0.07666530028770889,-0.1454843820751871,-0.7888204452712995,0.32735120638804704,-0.40700311427616154,0.73251094474791,0.2767311859140422,0.6065210406702309,0.12600239270578878,-0.22116954662899155,1.2166745551535938,0.30235271754121157,0.4820904602273648,-0.6890719439107155,-0.9202428195030085,10698.0
-0.5475429504701619,-0.27255194966135216,-0.3071688330543827,0.18178288250616068,-0.11813189064103245,0.2728229539112114,0.2767311859140422,0.6065210406702309,0.12600239270578878,-0.07312136031407311,1.2335728128640604,0.9097090016170287,0.07184328568768016,-0.6890719439107155,1.0866697123918505,9988.0
-0.31926047316885997,-0.27255194966135216,-0.3071688330543827,0.18178288250616068,-0.11813189064103245,0.2728229539112114,0.2767311859140422,0.6065210406702309,0.12600239270578878,-0.07312136031407311,1.250471070574527,0.9097090016170287,0.4820904602273648,-0.6890719439107155,1.0866697123918505,10898.0
-0.23145952036066733,-0.1878402379372421,-0.3071688330543827,0.18178288250616068,-0.11813189064103245,0.2728229539112114,0.2767311859140422,0.6065210406702309,0.12600239270578878,-0.07312136031407311,1.2673693282849936,0.9097090016170287,0.07184328568768016,-0.6890719439107155,1.0866697123918505,11248.0
-0.08964594465369301,0.8094476409965988,1.4419870218386308,-0.9827637085489301,1.061425605869078,-0.7997823580410852,0.8374879547349185,0.68975628858655,0.7679051136463989,-0.22116954662899155,1.2842675859954602,0.30235271754121157,-0.7076263459377201,-0.6890719439107155,1.0866697123918505,16558.0
-0.18987252937977048,0.886458288018517,1.4419870218386308,-0.9827637085489301,1.061425605869078,-0.9530116883199847,0.8374879547349185,0.68975628858655,0.7679051136463989,-0.22116954662899155,1.3011658437059266,0.30235271754121157,-0.7076263459377201,-0.6890719439107155,1.0866697123918505,15998.0
-0.24499715097911345,1.1078638982065319,1.3152365975710212,-0.9827637085489301,1.061425605869078,-0.7997823580410852,0.2767311859140422,0.9561090819187701,1.117295202259643,-0.22116954662899155,1.3180641014163932,0.30235271754121157,0.15389272059561823,-0.6890719439107155,1.0866697123918505,15690.0
-0.059173327744740004,1.146369221717491,1.3152365975710212,-0.9827637085489301,0.8206995861731371,-0.9530116883199847,0.2767311859140422,0.9561090819187701,1.117295202259643,-0.22116954662899155,1.3349623591268598,0.30235271754121157,0.15389272059561823,-0.6890719439107155,1.0866697123918505,15750.0
-0.6000062826842123,-0.5671176745201894,-1.32117222719526,2.2197394168525695,-0.7199469398808848,1.8051162567002066,-0.19056612143668694,-0.24247848807622502,-0.19088629231552529,-1.1834827576759614,1.3518606168373264,0.4621833186137945,0.8102881998591143,-0.6890719439107155,-0.9202428195030085,7775.0
-0.8139193038102899,-0.667231515648683,-0.4846194270290362,0.4729195302699334,-0.43107571624575564,0.2728229539112114,-0.19056612143668694,-0.24247848807622502,-0.19088629231552529,-0.5172659192588284,1.368758874547793,0.4621833186137945,0.8102881998591143,-0.6890719439107155,1.0866697123918505,7975.0
-0.5305930993742887,-0.5613418759935455,-1.32117222719526,2.2197394168525695,-0.7199469398808848,1.8051162567002066,-0.19056612143668694,-0.24247848807622502,-0.19088629231552529,-1.1834827576759614,1.3856571322582596,0.4621833186137945,0.8102881998591143,-0.6890719439107155,-0.9202428195030085,7995.0
-0.752147938846413,-0.6614557171220392,-0.4846194270290362,0.4729195302699334,-0.43107571624575564,0.2728229539112114,-0.19056612143668694,-0.24247848807622502,-0.19088629231552529,-0.5172659192588284,1.4025553899687262,0.4621833186137945,0.8102881998591143,-0.6890719439107155,1.0866697123918505,8195.0
-0.6679142593502174,-0.540163948062518,-0.4846194270290362,0.4729195302699334,-0.43107571624575564,0.2728229539112114,-0.19056612143668694,-0.24247848807622502,-0.19088629231552529,-0.5172659192588284,1.4194536476791928,0.4621833186137945,0.8102881998591143,-0.6890719439107155,1.0866697123918505,8495.0
-0.05732139498844733,-0.4554522363384079,-0.9155708695389091,1.6374661213250241,-0.7199469398808848,1.8051162567002066,-0.19056612143668694,-0.24247848807622502,-0.19088629231552529,-1.1834827576759614,1.4363519053896594,0.4621833186137945,0.8102881998591143,-0.6890719439107155,-0.9202428195030085,9495.0
-0.24674586186923894,-0.49203229367381907,-0.1043681542262072,0.18178288250616068,-0.43107571624575564,0.11959362363231192,-0.19056612143668694,-0.24247848807622502,-0.19088629231552529,-0.5172659192588284,1.453250163100126,0.4621833186137945,0.8102881998591143,-0.6890719439107155,1.0866697123918505,9995.0
0.20250042877713795,-0.580594537749025,-0.3578690027614265,-0.2549220891394984,-0.43107571624575564,-0.18686503692548712,-0.7980526209926335,-0.7085958764076113,-1.1984298036653411,-0.5172659192588284,1.4701484208105924,0.4621833186137945,0.7692634824051452,-0.6890719439107155,1.0866697123918505,11595.0
-0.25095754584404917,-0.6441283215421075,-0.3578690027614265,-0.2549220891394984,-0.43107571624575564,-0.18686503692548712,-0.8915120824627807,-0.7085958764076113,-0.6784073461944693,-0.5172659192588284,1.487046678521059,0.4621833186137945,-0.9537746506615314,-0.6890719439107155,1.0866697123918505,9980.0
-0.06127692565500535,0.20298879569899284,0.14913269430901213,-0.9827637085489301,0.21888453693328483,-0.9530116883199847,0.46365010885433655,0.27358004900495464,0.49976853401297877,-0.5172659192588284,1.5039449362315256,0.4621833186137945,0.5641398951353029,-0.6890719439107155,1.0866697123918505,13295.0
1.3151665477304937,0.0451169693040605,-0.9155708695389091,1.0551928257974788,-0.7199469398808848,1.1921989355846085,0.46365010885433655,0.27358004900495464,0.49976853401297877,-1.1834827576759614,1.5208431939419922,0.4621833186137945,0.5641398951353029,-0.6890719439107155,-0.9202428195030085,13845.0
0.39764178627665786,0.014312710495293209,-0.4085691724684704,0.03621455862427433,-0.43107571624575564,-0.03363570664658759,0.46365010885433655,0.27358004900495464,0.7354037100544688,-0.5172659192588284,1.5377414516524588,0.4621833186137945,0.5641398951353029,-0.6890719439107155,1.0866697123918505,12290.0
-0.24442595083819704,0.6862306057615297,0.2505330337230999,-0.4004904130213847,0.3392475467812553,-0.3400943672043866,0.603839301059554,0.9228149827522419,1.198548711239467,1.6664448288862161,1.5546397093629254,-0.336969686749123,1.0154117871289565,-0.6890719439107155,1.0866697123918505,12940.0
-0.14132432540284187,0.9211130791783803,0.2505330337230999,-0.4004904130213847,0.3392475467812553,-0.3400943672043866,0.603839301059554,0.9228149827522419,1.198548711239467,1.6664448288862161,1.571537967073392,-0.336969686749123,1.5487331140305454,-0.6890719439107155,1.0866697123918505,13415.0
0.41650973221581705,0.7305117277991326,0.2505330337230999,-0.4004904130213847,0.3392475467812553,-0.18686503692548712,0.603839301059554,0.9228149827522419,1.198548711239467,1.6664448288862161,1.5884362247838586,-0.336969686749123,1.0154117871289565,-0.6890719439107155,1.0866697123918505,15985.0
0.5315494405963194,0.9365152085827639,0.2505330337230999,-0.4004904130213847,0.3392475467812553,-0.18686503692548712,0.603839301059554,0.9228149827522419,1.198548711239467,1.6664448288862161,1.6053344824943252,-0.336969686749123,1.5487331140305454,-0.6890719439107155,1.0866697123918505,16515.0
1.2833481269894762,0.9422910071094077,1.4673371066921528,-1.273900356312703,0.0744489251157203,-1.2594703488777836,0.603839301059554,0.9228149827522419,1.198548711239467,1.074252083626544,1.6222327402047918,-0.336969686749123,1.0154117871289565,-0.6890719439107155,1.0866697123918505,18420.0
1.4081219645406362,1.1579208187707788,1.4673371066921528,-1.273900356312703,0.0744489251157203,-1.2594703488777836,0.603839301059554,0.9228149827522419,1.198548711239467,1.074252083626544,1.6391309979152584,-0.336969686749123,1.5487331140305454,-0.6890719439107155,1.0866697123918505,18950.0
0.6031779382671972,0.7632412527834479,0.2505330337230999,-0.4004904130213847,0.3392475467812553,-0.3400943672043866,1.3982447235557949,1.7218733627489047,1.198548711239467,1.6664448288862161,1.6560292556257248,-0.336969686749123,0.7282387649511761,-0.6890719439107155,1.0866697123918505,16845.0
1.0807012560730542,0.9499920718115996,1.4166369369851088,-0.8371953846670438,0.3392475467812553,-0.9530116883199847,1.351514992820718,1.7218733627489047,1.198548711239467,1.6664448288862161,1.6729275133361914,-0.336969686749123,0.7282387649511761,-0.6890719439107155,1.0866697123918505,19045.0
0.7477146860634003,0.8787572233163252,0.7575347307935386,-1.1283320324308166,1.1095708098082662,-1.1062410185988842,1.3982447235557949,1.7218733627489047,1.198548711239467,0.9262038973116256,1.689825771046658,-1.23202105275559,0.7282387649511761,-0.6890719439107155,1.0866697123918505,21485.0
1.6895734250415275,1.273436789303656,0.0477323548949244,-0.5460587369032711,0.4355379546596317,0.11959362363231192,1.3982447235557949,1.7218733627489047,1.198548711239467,-1.1834827576759614,1.7067240287571246,0.4621833186137945,0.7282387649511761,-0.6890719439107155,-0.9202428195030085,22470.0
1.8577619277753117,0.975020532093723,0.2505330337230999,-0.8371953846670438,0.3392475467812553,-0.9530116883199847,1.3982447235557949,1.7218733627489047,1.198548711239467,1.6664448288862161,1.7236222864675912,-0.336969686749123,0.7282387649511761,-0.6890719439107155,1.0866697123918505,22625.0
